{ "height":18,
 "layers":[
        {
         "data":[2, 3, 4, 5, 6, 7, 8, 9, 10, 11, 12, 13, 14, 15, 16, 2, 3, 4, 5, 6, 7, 8, 9, 10, 11, 33, 0, 0, 0, 0, 0, 0, 0, 0, 0, 33, 0, 0, 0, 0, 0, 0, 0, 0, 0, 0, 0, 0, 0, 33, 49, 0, 0, 0, 0, 0, 0, 0, 0, 0, 49, 0, 0, 0, 0, 33, 0, 0, 0, 0, 0, 0, 0, 0, 49, 65, 0, 0, 0, 0, 0, 0, 0, 0, 0, 65, 0, 0, 0, 0, 49, 0, 0, 0, 0, 0, 0, 0, 0, 65, 81, 0, 0, 0, 0, 0, 0, 0, 0, 0, 0, 0, 0, 0, 0, 65, 0, 0, 0, 0, 0, 0, 0, 0, 81, 97, 0, 0, 0, 0, 2, 3, 4, 5, 6, 7, 8, 9, 10, 11, 12, 13, 14, 15, 16, 0, 0, 0, 0, 97, 113, 0, 0, 0, 0, 0, 0, 0, 0, 0, 0, 0, 0, 0, 0, 0, 0, 0, 0, 0, 0, 0, 0, 0, 113, 129, 0, 0, 0, 0, 0, 0, 0, 0, 0, 0, 0, 0, 0, 0, 33, 0, 0, 0, 0, 0, 0, 0, 0, 129, 145, 0, 0, 0, 0, 0, 0, 0, 0, 0, 0, 33, 0, 0, 0, 49, 0, 0, 0, 0, 0, 0, 0, 0, 145, 161, 0, 0, 0, 0, 0, 0, 33, 0, 0, 0, 49, 0, 0, 0, 65, 0, 0, 0, 0, 0, 0, 0, 0, 161, 177, 0, 0, 0, 0, 0, 0, 49, 0, 0, 0, 65, 0, 0, 0, 81, 0, 0, 0, 0, 0, 0, 0, 0, 177, 193, 0, 0, 0, 0, 0, 0, 65, 0, 0, 0, 81, 0, 0, 0, 97, 0, 0, 0, 0, 0, 0, 0, 0, 193, 209, 0, 0, 0, 0, 0, 0, 81, 0, 0, 0, 97, 0, 0, 0, 113, 0, 0, 0, 0, 0, 0, 0, 0, 209, 225, 0, 0, 0, 0, 0, 0, 97, 0, 0, 0, 113, 0, 0, 0, 129, 0, 0, 0, 0, 0, 0, 0, 0, 225, 241, 0, 0, 0, 0, 0, 0, 113, 0, 0, 0, 129, 0, 0, 0, 0, 0, 0, 0, 0, 0, 0, 0, 0, 241, 257, 0, 0, 0, 0, 0, 0, 129, 0, 0, 0, 0, 0, 0, 0, 0, 0, 0, 0, 0, 0, 0, 0, 0, 257, 33, 0, 0, 0, 0, 0, 0, 0, 0, 0, 0, 0, 0, 0, 0, 0, 0, 0, 0, 0, 0, 0, 0, 0, 33, 2, 3, 4, 5, 6, 7, 8, 9, 10, 11, 12, 13, 14, 15, 16, 2, 3, 4, 5, 6, 7, 8, 9, 10, 11],
         "height":18,
         "name":"walls",
         "opacity":1,
         "type":"tilelayer",
         "visible":true,
         "width":25,
         "x":0,
         "y":0
        }, 
        {
         "height":18,
         "name":"holes",
         "objects":[
                {
                 "gid":1,
                 "height":0,
                 "name":"",
                 "properties":
                    {

                    },
                 "type":"",
                 "visible":true,
                 "width":0,
                 "x":716,
                 "y":73
                }, 
                {
                 "gid":1,
                 "height":0,
                 "name":"",
                 "properties":
                    {

                    },
                 "type":"",
                 "visible":true,
                 "width":0,
                 "x":708,
                 "y":503
                }],
         "opacity":1,
         "type":"objectgroup",
         "visible":true,
         "width":25,
         "x":0,
         "y":0
        }],
 "orientation":"orthogonal",
 "properties":
    {

    },
 "tileheight":32,
 "tilesets":[
        {
         "firstgid":1,
         "image":"hole.png",
         "imageheight":32,
         "imagewidth":32,
         "margin":0,
         "name":"hole",
         "properties":
            {

            },
         "spacing":0,
         "tileheight":32,
         "tilewidth":32
        }, 
        {
         "firstgid":2,
         "image":"tiles.png",
         "imageheight":512,
         "imagewidth":512,
         "margin":0,
         "name":"tiles",
         "properties":
            {

            },
         "spacing":0,
         "tileheight":32,
         "tilewidth":32
        }],
 "tilewidth":32,
 "version":1,
 "width":25
}